{"cameraMode":{"drawMode":0,"name":"Shaded","section":"Shading Mode"},"sceneLighting":false,"audioPlay":false,"sceneViewState":{"showFog":false,"showMaterialUpdate":true,"showSkybox":false,"showFlares":true,"showImageEffects":true,"showParticleSystems":true},"in2DMode":false,"pivot":{"x":-0.018480002880096437,"y":0.4378499984741211,"z":0.054039984941482547},"rotation":{"x":0.18097764253616334,"y":-0.4661593735218048,"z":0.09804757684469223,"w":0.8604304790496826},"size":13.706859588623047,"orthographic":false}