{"cameraMode":{"drawMode":0,"name":"Shaded","section":"Shading Mode"},"sceneLighting":true,"audioPlay":false,"sceneViewState":{"showFog":false,"showMaterialUpdate":true,"showSkybox":true,"showFlares":true,"showImageEffects":true,"showParticleSystems":true},"in2DMode":false,"pivot":{"x":-12.300155639648438,"y":-2.2625980377197267,"z":-119.14058685302735},"rotation":{"x":-0.09208529442548752,"y":0.2877950072288513,"z":-0.027752220630645753,"w":-0.9530436992645264},"size":130.52169799804688,"orthographic":false}