{"cameraMode":{"drawMode":0,"name":"Shaded","section":"Shading Mode"},"sceneLighting":false,"audioPlay":false,"sceneViewState":{"showFog":false,"showMaterialUpdate":true,"showSkybox":false,"showFlares":true,"showImageEffects":true,"showParticleSystems":true},"in2DMode":false,"pivot":{"x":-0.20219731330871583,"y":0.5403875112533569,"z":-0.2008967399597168},"rotation":{"x":0.044092901051044467,"y":-0.4627237021923065,"z":0.023137930780649186,"w":0.885265052318573},"size":5.56749153137207,"orthographic":false}